{"train/global_step":1,"train/epoch":1,"_wandb":{"runtime":10},"train/grad_norm":5.2759690284729,"_step":0,"_runtime":10,"train/learning_rate":0,"train/loss":3.709261894226074,"_timestamp":1.7787248414659657e+09}